rank,name,name_ascii,institution,country,arxiv_rank,openalex_rank,zbmath_rank,arxiv_papers,openalex_works,openalex_citations,zbmath_papers,overall_h_index,h_index_source,first_active_year,last_active_year,birth_year,doctoral_advisor,orcid,wikidata_id
1,J. Brian Conrey,J. Brian Conrey,American Institute of Mathematics,US,2,28,2,48,78,1709,,28,openalex,1983,2026,,,,
2,J. P. Keating,J. P. Keating,University of Oxford,GB,8,71,1,32,42,1733,,40,openalex,1992,2026,,,,
3,Alexandru Zaharescu,Alexandru Zaharescu,University of Illinois Urbana-Champaign,US,10,20,5,24,76,449,,24,openalex,1989,2026,,,,
4,Timothy S. Trudgian,Timothy S. Trudgian,UNSW Canberra,AU,6,68,4,33,37,378,,,,2008,2026,,,,
5,H. M. Bui,H. M. Bui,University of Manchester,GB,4,43,11,35,43,219,,11,openalex,2006,2026,,,,
6,Steven J. Miller,Steven J. Miller,Williams College,US,5,,3,35,20,261,,26,openalex,2005,2026,,,,
7,K. Soundararajan,K. Soundararajan,Stanford University,US,12,69,24,31,49,1582,,33,openalex,1995,2023,,,,
8,Liangyi Zhao,Liangyi Zhao,University of New South Wales,AU,1,29,52,46,46,81,,14,openalex,2007,2026,,,,
9,Steven M. Gonek,Steven M. Gonek,University of Rochester,US,32,54,8,17,51,1097,,18,openalex,1981,2025,,,,
10,Hugh Lowell Montgomery,Hugh Lowell Montgomery,University of Michigan,US,,,39,2,19,887,,32,openalex,1970,2026,,,,
11,Ade Irma Suriajaya,Ade Irma Suriajaya,Kyushu University,JP,3,77,25,27,30,74,,4,openalex,2013,2026,,,,
12,M. B. Milinovich,M. B. Milinovich,University of Mississippi,US,9,61,13,26,38,390,,11,openalex,2007,2026,,,,
13,Antanas Laurinčikas,Antanas Laurincikas,Vilnius University,LT,,11,,,145,1236,,22,openalex,1985,2026,,,,
14,Daniel A. Goldston,Daniel A. Goldston,San Jose State University,US,16,120,12,20,30,414,,21,openalex,1987,2026,,,,
15,Nina C. Snaith,Nina C. Snaith,University of Bristol,GB,42,,7,20,18,1119,,6,openalex,2000,2025,,,,
16,David W. Farmer,David W. Farmer,American Institute of Mathematics,US,30,152,15,22,30,447,,18,openalex,1993,2026,,,,
17,William D. Banks,William D. Banks,University of Missouri,US,13,82,22,17,29,30,,21,openalex,2001,2026,,,,
18,Maksym Radziwiłł,Maksym Radziwill,Northwestern University,US,7,50,63,28,41,656,,17,openalex,2011,2026,,,,
19,Andrés Chirre,Andres Chirre,Pontificia Universidad Católica del Perú,PE,15,97,19,19,25,109,,5,openalex,2017,2026,,,,
20,A. M. Odlyzko,A. M. Odlyzko,University of Minnesota,US,,,57,2,11,443,,,,1979,2012,,,,
21,Akio Fujii,Akio Fujii,Rikkyo University,JP,,124,9,1,49,406,,,,1974,2014,,,,
22,Jeffrey C. Lagarias,Jeffrey C. Lagarias,University of Michigan,US,83,,32,15,25,704,,55,openalex,1979,2021,,,,
23,Nathan Ng,Nathan Ng,University of Lethbridge,CA,22,125,17,20,29,256,,13,openalex,2001,2026,,,,
24,Henryk Iwaniec,Henryk Iwaniec,Rutgers University,US,130,116,56,10,34,838,,50,openalex,1980,2024,,,,
25,Takashi Nakamura,Takashi Nakamura,Tokyo University of Science,JP,41,103,16,14,29,96,,12,openalex,2008,2026,,,,
26,Enrico Bombieri,Enrico Bombieri,Institute for Advanced Study,US,,,55,1,4,133,,42,openalex,1971,2020,,,,
27,Jerzy Kaczorowski,Jerzy Kaczorowski,Adam Mickiewicz University in Poznań,PL,80,40,18,11,54,581,,19,openalex,1990,2026,,,,
28,Peter Sarnak,Peter Sarnak,Princeton University,US,,,106,4,19,1708,,57,openalex,1985,2024,,,,
29,Christian Weiß,Christian Weiss,Ruhr West University of Applied Sciences,DE,14,,,13,,,,,,2019,2026,,,,
30,R. C. Vaughan,R. C. Vaughan,Pennsylvania State University,US,,,128,,7,151,,35,openalex,1990,2026,,,,
31,Christopher Hughes,Christopher Hughes,University of York,GB,18,164,78,19,25,566,,,,2000,2026,,,,
32,Jean-Pierre Serre,Jean-Pierre Serre,Collège de France,FR,,,,,,,,61,openalex,,,,,,
33,Vorrapan Chandee,Vorrapan Chandee,Kansas State University,US,24,131,37,18,27,305,,10,openalex,2009,2026,,,,
34,Caroline L. Turnage-Butterbaugh,Caroline L. Turnage-Butterbaugh,Carleton College,US,27,165,30,17,19,101,,7,openalex,2014,2026,,,,
35,Ramūnas Garunkštis,Ramunas Garunkstis,Vilnius University,LT,87,51,21,8,45,428,,11,openalex,2000,2025,,,,
36,Kamel Mazhouda,Kamel Mazhouda,University of Sousse,TN,188,142,6,6,25,145,,7,openalex,2006,2026,,,,
37,Michael Rubinstein,Michael Rubinstein,University of Waterloo,CA,49,,26,18,27,552,,3,openalex,1994,2024,,,,
38,Pierre Deligne,Pierre Deligne,Institute for Advanced Study,US,,,,,,,,55,openalex,,,,,,
39,Alessandro Languasco,Alessandro Languasco,University of Padua,IT,26,102,50,22,31,209,,12,openalex,1994,2026,,,,
40,Zeev Rudnick,Zeev Rudnick,Tel Aviv University,IL,40,,54,17,18,467,,32,openalex,1994,2026,,,,
41,Greg Martin,Greg Martin,University of British Columbia,CA,73,,20,13,12,97,,16,openalex,1997,2026,,,,
42,Youness Lamzouri,Youness Lamzouri,University of Lorraine,FR,17,72,102,23,35,243,,9,openalex,2008,2026,,,,
43,P. J. Forrester,P. J. Forrester,University of Melbourne,AU,,,27,,6,65,,,,1997,2026,,,,
44,Emmanuel Kowalski,Emmanuel Kowalski,ETH Zurich,CH,103,155,97,14,26,628,,29,openalex,1997,2021,,,,
45,Sami Omar,Sami Omar,University of Bahrain,BH,,,31,2,16,125,,,,2001,2023,,,,
46,Hendrik W. Lenstra,Hendrik W. Lenstra,Leiden University,NL,,,,1,2,78,,41,openalex,1979,2014,,,,
47,Alberto Perelli,Alberto Perelli,University of Genoa,IT,48,39,43,15,59,668,,20,openalex,1988,2026,,,,
48,Athanasios Sourmelidis,Athanasios Sourmelidis,Graz University of Technology,AT,31,144,,14,20,40,,,,2017,2026,,,,
49,Michel L. Lapidus,Michel L. Lapidus,"University of California, Riverside",US,,,33,3,19,417,,,,1991,2021,,,,
50,Ghaith Hiary,Ghaith Hiary,The Ohio State University,US,23,138,98,19,27,310,,8,openalex,2007,2026,,,,
51,Aleksander Simonič,Aleksander Simonic,University of New South Wales,AU,34,145,53,12,19,65,,,,2016,2026,,,,
52,Jesse Thorner,Jesse Thorner,University of Illinois Urbana-Champaign,US,20,132,152,22,21,166,,9,openalex,2013,2026,,,,
53,YoungJu Choie,YoungJu Choie,Pohang University of Science and Technology,KR,,,,3,6,221,,15,openalex,2006,2020,,,,
54,Christoph Aistleitner,Christoph Aistleitner,Graz University of Technology,AT,33,181,,12,19,258,,15,openalex,2014,2023,,,,
55,D. R. Heath-Brown,D. R. Heath-Brown,University of Oxford,GB,191,,64,7,29,4557,,45,openalex,1978,2025,,,,
56,Emanuel Carneiro,Emanuel Carneiro,The Abdus Salam International Centre for Theoretical Physics (ICTP),IT,36,193,29,13,18,231,,18,openalex,2010,2026,,,,
57,Zikang Dong,Zikang Dong,Tianjin University,CN,35,109,,15,22,8,,2,openalex,2021,2026,,,,
58,André LeClair,Andre LeClair,Cornell University,US,28,,88,17,15,60,,24,openalex,2006,2025,,,,
59,P. Moree,P. Moree,Max Planck Institute for Mathematics,DE,45,191,183,17,25,425,,20,openalex,1997,2026,,,,
60,Nicholas M. Katz,Nicholas M. Katz,Princeton University,US,,,,,4,765,,41,openalex,1974,2017,,,,
61,Juan Arias de Reyna,Juan Arias de Reyna,Universidad de Sevilla,ES,29,184,81,20,19,39,,12,openalex,2003,2025,,,,
62,M. Ram Murty,M. Ram Murty,Queen's University,CA,,146,147,,30,440,,25,openalex,1984,2024,,,,
63,Kevin Ford,Kevin Ford,University of Illinois Urbana-Champaign,US,47,,34,13,1,6,,,,2002,2019,,,,
64,Haseo Ki,Haseo Ki,Yonsei University,KR,,,38,3,22,150,,,,2004,2021,,,,
65,Nicolas Lichiardopol,Nicolas Lichiardopol,ESSI Sophia Antipolis,FR,,,,1,2,213,,9,openalex,2006,2008,,,,
66,Amit Ghosh,Amit Ghosh,Oklahoma State University,US,,,131,,16,629,,,,1983,2013,,,,
67,Matthew P. Young,Matthew P. Young,Rutgers University,US,19,190,132,24,20,553,,15,openalex,2004,2026,,,,
68,Brad Rodgers,Brad Rodgers,Queen's University,CA,72,,35,13,8,81,,8,openalex,2012,2025,,,,
69,Xian-Jin Li,Xian-Jin Li,Brigham Young University,US,,,41,5,,,,,,1994,2020,,,,
70,Andrew Granville,Andrew Granville,Université de Montréal,CA,,,79,2,7,198,,32,openalex,1991,2021,,,,
71,Darius Šiaučiūnas,Darius Siauciunas,Šiauliai University,LT,,53,,,36,105,,8,people_csv,2010,2026,,,,
72,Gérald Tenenbaum,Gerald Tenenbaum,Institut Élie Cartan de Lorraine,FR,,,,4,10,44,,30,openalex,2000,2024,,,,
73,Jean-Louis Nicolas,Jean-Louis Nicolas,University of Lyon,FR,179,,93,5,10,49,,16,openalex,1997,2024,,,,
74,Winston Heap,Winston Heap,Independent,-,25,183,161,15,18,99,,8,openalex,2013,2026,,,,
75,Rizwanur Khan,Rizwanur Khan,University of Mississippi,US,43,,,13,13,33,,,,2006,2026,,,,
76,Alexandra Florea,Alexandra Florea,"University of California, Irvine",US,37,143,91,16,21,104,,9,openalex,2015,2026,,,,
77,Cem Yalçın Yıldırım,Cem Yalcin Yildirim,Boğaziçi University,TR,,,45,2,11,121,,,,1990,2017,,,,
78,Michel Balazard,Michel Balazard,Centre National de la Recherche Scientifique,FR,,,44,4,4,44,,,,1998,2021,,,,
79,Almasa Odžak,Almasa Odzak,University of Sarajevo,BA,,,47,1,13,61,,,,2009,2025,,,,
80,Atul Dixit,Atul Dixit,Indian Institute of Technology Gandhinagar,IN,38,104,148,15,30,157,,13,openalex,2009,2026,,,,
81,Andriy Bondarenko,Andriy Bondarenko,Norwegian University of Science and Technology,NO,46,,,10,13,135,,12,openalex,2014,2026,,,,
82,Habiba Kadiri,Habiba Kadiri,University of Lethbridge,CA,127,,36,8,9,89,,,,2004,2026,,,,
83,Nicolas Robles,Nicolas Robles,RAND Corporation,US,54,167,49,12,20,91,,7,openalex,2013,2026,,,,
84,Danilo Merlini,Danilo Merlini,CERFIM,CH,65,,46,10,16,54,,,,2002,2023,,,,
85,Shōta Inoue,Shota Inoue,Nagoya University,JP,39,106,105,14,24,22,,,,2017,2026,,,,
86,Sergey K. Sekatskii,Sergey K. Sekatskii,École Polytechnique Fédérale de Lausanne,CH,44,134,73,14,25,77,,,,2008,2026,,,,
87,Bibekananda Maji,Bibekananda Maji,Indian Institute of Technology Indore,IN,53,122,51,10,21,32,,11,openalex,2017,2026,,,,
88,Stefano Beltraminelli,Stefano Beltraminelli,CERFIM,CH,52,,59,11,16,51,,5,openalex,2006,2023,,,,
89,Henri Cohen,Henri Cohen,University of Bordeaux,FR,,,,1,1,0,,30,openalex,2018,2018,,,,
90,Joseph H. Silverman,Joseph H. Silverman,Brown University,US,,,,,,,,56,openalex,,,,,,
91,M. V. Berry,M. V. Berry,University of Bristol,GB,,,107,,1,10,,,,1992,2016,,,,
92,Alain Connes,Alain Connes,Collège de France,FR,,107,,,29,734,,73,openalex,1997,2024,,,,
93,Ján Mózer,Jan Mozer,Comenius University Bratislava,SK,176,55,61,6,47,33,,10,openalex,1974,2026,,,,
94,Carl Pomerance,Carl Pomerance,Dartmouth College,US,,,,6,9,276,,39,openalex,1993,2021,,,,
95,Michael Th. Rassias,Michael Th. Rassias,Hellenic Military Academy,GR,146,41,154,7,45,421,,24,openalex,2010,2022,,,,
96,Kristian Seip,Kristian Seip,Norwegian University of Science and Technology,NO,56,,,11,14,197,,31,openalex,2014,2023,,,,
97,Melvyn B. Nathanson,Melvyn B. Nathanson,"Lehman College, CUNY",US,,,,,3,4,,,,1993,1993,,,,
98,Gerhard Larcher,Gerhard Larcher,Johannes Kepler University of Linz,AT,57,,,8,12,179,,21,openalex,1997,2019,,,,
99,Daniel Fiorilli,Daniel Fiorilli,Centre National de la Recherche Scientifique,FR,59,153,60,17,22,114,,9,openalex,2009,2025,,,,
100,Don Zagier,Don Zagier,Max Planck Institute for Mathematics,DE,,,177,2,9,1328,,59,openalex,1981,2020,,,,
